"VO17205750","44"
"VO11145992","6"
"RT7420842445","1"
"VO969033","5"
"VO3173772","27"
"VO1543360","67"
"RT5010552108","5"
"VO1544449","4"
"VO21429787","3"
"RT5001865724","1"
"VO8189389","50"
"VO84151824","16"
"VO85123077","1"
"RT5001852996","435"
"VO21067551","9"
"VO21302566","1"
"RT5010514134","2"
"RT7420953255","7"
"VO25332840","152"
"RT7485003252","1"
"RT5010412626","390"
"RT7401069997","53"
"VO82056091","10"
"VO8148327","26"
"RT5200523366","130"
"VO21094520","3"
"VO21018092","18"
"VO3092047","28"
"VO990135","38"
"VO21298273","41"
"VO82322924","2"
"VO84162404","5"
"RT7421532258","73"
"VO984819","212"
"VO82365212","7"
"VO3171585","160"
"VO20430678","274"
"VO21973860","5"
"RT7482374543","1"
"RT7420364891","20"
"VO20896833","2"
"VO85000773","2"
"VO982207","356"
"VO21285314","6"
"VO949211","164"
"RT5010294415","15"
"RT7421566080","3"
"VO21723309","11"
"VO20543103","2"
"VO11038099","41"
"VO1656370","25"
"VO21302576","17"
"RT5010431674","5"
"RT5010514630","7"
"VO21716424","31"
"RT5010450519","23"
"VO20553740","2"
"VO82289824","1"
"VO85003267","1"
"VO17210356","49"
"VO20382305","125"
"VO21122037","8"
"RT5010467640","1"
"RT5001868169","1"
"RT5001866363","3"
"VO20411816","4"
"RT5001844054","9"
"VO20531550","9"
"VO20428256","1"
"VO8172924","20"
"RT5010439058","2"
"VO20839459","11"
"VO85113975","115"
"VO3092710","18"
"RT7421496277","10"
"VO8172628","19"
"VO22312634","33"
"RT5010295301","296"
"VO914170","195"
"VO20428257","4"
"VO20701292","29"
"VO8112818","3"
"RT7420907634","16"
"VO11990483","5"
"VO82292577","7"
"VO8150740","300"
"VO22387296","31"
"VO21825232","1"
"RT7421644598","8"
"VO21593632","1"
"VO20732730","5"
"VO1660619","23"
"VO993124","1324"
"VO21116214","7"
"VO21838161","2"
"VO21321094","9"
"RT5010284190","16"
"RT5010514344","1"
"RT7482492298","1"
"VO276807","21"
"RT7421535734","1"
"RT5001855385","12"
"VO982617","54"
"VO3198280","217"
"RT5010477243","12"
"RT5010284657","218"
"VO21211715","47"
"VO20517367","14"
"VO85137595","192"
"VO984852","720"
"VO21918817","2"
"RT5010284177","36"
"VO21727737","4"
"VO1665309","48"
"RT5010398073","2"
"VO984410","76"
"VO976038","98"
"RT7421294062","12"
"VO21483789","454"
"VO21169064","8"
"RT5010491397","52"
"VO3171490","9"
"RT7482226449","42"
"VO20523391","46"
"VO994796","732"
"VO21190825","2"
"VO82380822","20"
"VO984726","1946"
"RT5010477331","64"
"VO22195476","1"
"VO11418066","1"
"VO21870635","12"
"VO20788793","7"
"VO20535537","3"
"RT5010477145","13"
"RT5001873650","25"
"RT5000686589","91"
"RT5010370634","101"
"RT7420792454","21"
"VO15046266","1"
"VO20383411","17"
"VO21138357","165"
"VO984855","1505"
"VO941938","99"
"VO3172110","21"
"RT723879","36"
"RT7485003228","2"
"VO82074997","62"
"RT7420946836","12"
"VO181335","15"
"VO1672002","51"
"VO990237","42"
"VO11418269","5"
"VO85106522","1"
"VO1547562","15"
"VO8191780","2"
"VO11094","10"
"VO20399429","11"
"VO21664147","4"
"VO20888780","6"
"RT5001855384","28"
"VO82252302","120"
"VO84162402","7"
"VO22286155","6"
"VO20706973","162"
"VO21810667","35"
"RT5010550714","5"
"RT7421086059","30"
"RT5010383038","38"
"VO21024160","3"
"RT5200590535","35"
"VO85013654","4"
"RT5010315852","4"
"VO85105606","13"
"VO949659","247"
"VO944457","114"
"RT7421517690","18"
"VO20584639","16"
"RT5001866702","1"
"VO21231251","4"
"RT7400276948","158"
"RT7421363476","7"
"VO984033","116"
"VO22318833","5"
"VO15067330","61"
"VO3191853","1"
"RT5010360056","3"
"RT5000752128","59"
"RT5001860645","10"
"RT5010552121","1"
"VO20873213","4"
"RT5010295778","114"
"RT5003065196","174"
"RT7485013254","2"
"VO20801326","86"
"VO1676682","1"
"VO11038721","75"
"VO15067335","41"
"VO994848","275"
"VO82371784","37"
"VO1523115","53"
"VO20915648","23"
"VO1544735","57"
"VO3197753","190"
"RT5000937866","3"
"RT5001866493","2"
"VO994875","203"
"RT5010284295","150"
"VO964167","21"
"RT7401546517","72"
"VO1650305","60"
"VO22026929","1"
"VO20459855","120"
"VO20841081","9"
"RT5010284184","77"
"RT7400959265","3"
"VO990008","14"
"VO8141830","185"
"RT5010477090","63"
"VO3095631","151"
"VO21501189","499"
"VO24426876","37"
"VO15067337","47"
"VO976154","35"
"VO1078240","27"
"VO82420879","738"
"RT7485004000","1"
"RT5001858614","1"
"VO21470665","143"
"RT5010571248","949"
"RT5000694330","400"
"RT5010284492","2"
"RT5010571245","39"
"VO8113177","4"
"VO8113286","2"
"VO20440415","4"
"VO21288837","4"
"RT5010284737","4"
"VO21469918","32"
"VO85003054","2"
"VO85003951","7"
"VO85000071","2"
"RT7421006086","2"
"VO1062636","12"
"VO85125055","27"
"RT7421890385","2"
"VO8171228","59"
"VO3092282","72"
"VO1069418","56"
"VO85114316","3"
"VO973882","293"
"RT7422277957","9"
"VO1656129","34"
"RT5003065042","190"
"VO20500857","88"
"RT7421289219","5"
"RT5010284736","7"
"VO3090997","9"
"VO85000530","1"
"VO82332690","162"
"VO20533066","16"
"RT5001860646","2"
"RT5010534282","375"
"RT7421314849","1"
"RT5000694357","50"
"VO20781146","129"
"VO20544479","6"
"VO20556179","121"
"VO82333750","54"
"RT7400995055","40"
"VO20915855","39"
"RT5010626109","5"
"VO20538012","9"
"RT5010552115","1"
"RT5001866922","1"
"VO25292503","44"
"VO20762911","12"
"VO21316567","2"
"VO20846323","11"
"RT5010284797","327"
"VO3963173","380"
"RT7485003949","13"
"VO21041752","2"
"RT5200583511","43"
"VO3169573","265"
"VO21001650","1"
"VO21301237","2"
"VO82074816","134"
"RT5000783635","35"
"VO20907634","112"
"VO20535535","2"
"VO420643","374"
"VO21094173","16"
"VO994795","1290"
"VO82266373","5"
"VO3197754","107"
"RT7485132732","4"
"VO85000950","1"
"VO994477","133"
"VO977173","694"
"RT7421683317","2"
"VO21727282","23"
"RT5001833645","3"
"RT7421088121","4"
"VO276945","2"
"RT5001866651","2"
"VO994441","419"
"RT5010588685","5"
"RT7420736417","1"
"RT5001858979","10"
"RT7421560968","4"
"RT7421283614","1"
"RT5010552149","1"
"RT7421106206","10"
"VO992304","309"
"VO20860659","12"
"VO20928630","4"
"VO85103700","2"
"RT7485003149","3"
"RT7421340614","2"
"RT7421640559","11"
"RT7420844705","7"
"RT5010437412","3"
"RT7484538758","25"
"RT7420808207","7"
"VO3091445","135"
"VO22374837","123"
"VO1362645","8"
"RT7485003951","5"
"RT7421006073","18"
"RT7485136138","1"
"RT5010571995","130"
"VO21088284","48"
"RT5010552112","2"
"RT7421317909","65"
"VO990944","225"
"VO1099016","32"
"RT5200595023","80"
"RT7420862795","5"
"VO25640730","18"
"VO20360542","2"
"VO20841069","5"
"VO383972","28"
"VO20367538","1"
"VO20867274","1"
"RT5010477185","1"
"VO84094705","8"
"VO1076698","20"
"VO3981417","28"
"VO20731717","4"
"VO20787445","3"
"VO20753485","76"
"RT7420800194","7"
"RT5010315810","3"
"VO20481333","42"
"RT5200567812","505"
"VO21375354","3"
"VO276121","5"
"RT7420809775","4"
"VO20428724","105"
"VO8143976","113"
"VO20754045","2"
"VO8171380","46"
"VO22592094","77"
"RT7420998634","34"
"RT5200283365","30"
"VO82365250","7"
"VO85119943","3"
"VO85003264","7"
"RT5010242017","2"
"VO20541447","8"
"RT5010550953","10"
"RT7401134955","8"
"VO20366600","5"
"VO20390470","16"
"VO8150742","314"
"RT5010135073","3"
"RT5010284273","51"
"RT5010323014","93"
"VO994195","281"
"VO82204668","28"
"VO20545123","36"
"RT5010284803","1306"
"RT7482270859","7"
"RT7485121670","22"
"VO20730022","36"
"RT5003053463","26"
"VO3978820","1"
"RT5001875237","9"
"VO20924949","267"
"VO20483919","253"
"VO969780","220"
"VO20467371","13"
"VO984210","24"
"RT7482902527","1"
"RT7485104224","4"
"RT7424425719","1"
"VO21103016","169"
"VO276944","2"
"RT7485003948","13"
"VO20442735","1"
"VO992267","38"
"RT7421454874","2"
"VO82322972","2"
"RT7421149777","6"
"RT5001844262","11"
"RT7421283615","4"
"VO1672045","63"
"VO21062377","17"
"VO993123","230"
"VO21696908","20"
"RT7485141849","1"
"VO20749399","2"
"VO21371674","8"
"RT7485001663","2"
"RT5001858932","1"
"VO980834","130"
"VO3093482","16"
"RT7420802353","15"
"VO20466644","14"
"RT5010626192","3"
"VO1697408","72"
"RT7420479636","98"
"RT7400944126","251"
"VO85000177","3"
"VO21489991","32"
"RT5000288798","36"
"VO6849305","62"
"VO1665908","2"
"VO972079","1668"
"VO20440412","2"
"VO21209650","7"
"VO275641","5"
"RT5001868516","2"
"RT7421367718","11"
"RT5010225516","13"
"RT7420527057","4"
"RT7482039600","6"
"RT5001855880","3"
"RT7485001664","6"
"VO21253763","13"
"RT7421960482","1"
"RT7485136139","2"
"RT5200523379","2"
"RT7421390589","1"
"VO85107489","5"
"VO990037","631"
"VO1099017","50"
"RT5010284632","259"
"RT7420817742","79"
"RT7420802348","10"
"RT5010550817","238"
"VO8113895","1"
"VO20412972","1"
"VO992247","266"
"RT5001866377","1"
"VO85013765","1"
"VO954493","8"
"VO20742466","16"
"VO976503","87"
"VO20443551","25"
"VO20443492","55"
"VO25381839","4"
"VO914459","77"
"RT7485003718","8"
"VO21960479","8"
"VO992017","281"
"RT5001866637","4"
"VO1677875","177"
"VO984862","210"
"VO25324997","350"
"VO420538","51"
"RT7420862815","3"
"VO21697342","17"
"VO914472","289"
"VO20476479","8"
"VO20915821","17"
"VO994792","587"
"VO82144861","45"
"VO85003257","3"
"VO990952","1266"
"RT5010137143","3"
"VO82194800","305"
"RT5010316863","12"
"RT5010587010","36"
"VO8113893","1"
"VO3964817","101"
"RT5010544995","193"
"VO20891183","49"
"VO20868145","2"
"VO85013271","36"
"RT7421960480","13"
"RT5005005097","62"
"VO20360808","2"
"RT7421497416","6"
"RT7484549068","3"
"VO21580956","1"
"VO3197752","89"
"RT7420405125","43"
"VO21122804","2"
"VO984807","2"
"RT5010550267","5"
"VO6792554","1"
"VO994500","35"
"VO20456129","1"
"VO84160385","3"
"VO82471157","11"
"VO20374214","49"
"VO20555359","20"
"VO21644596","7"
"RT5001866295","1"
"VO1096612","100"
"RT7424426721","42"
"RT5001861753","100"
"VO3092277","110"
"VO973155","1"
"RT7485107753","1"
"RT5001834679","11"
"VO21516449","1"
"VO85003215","2"
"RT7421844870","2"
"RT7420920100","2"
"VO20833936","23"
"VO914167","221"
"RT5005026302","8"
"VO25309934","159"
"VO20732734","3"
"VO20969789","1"
"VO20731735","4"
"VO3175366","21"
"VO3154321","52"
"VO3095163","1"
"VO8191781","9"
"RT7420430678","66"
"RT5001866321","718"
"VO20710525","9"
"RT5001834511","7"
"RT7421462811","9"
"RT5010360060","6"
"VO21355943","2"
"VO82055584","47"
"VO21089247","4"
"RT7421683316","3"
"RT7421426987","10"
"RT5010514349","1"
"VO21652515","5"
"VO21726275","6"
"VO84134281","35"
"RT7420518662","105"
"VO20538247","1"
"RT5010422743","5"
"RT7422536158","7"
"VO24425046","6"
"VO85003948","3"
"RT7485126579","1"
"RT5000790849","4"
"VO20726576","79"
"RT5001875775","1"
"RT5001858537","12"
"VO471788","119"
"VO991079","48"
"VO992018","17"
"VO22194741","24"
"RT5001831055","407"
"RT5010550712","8"
"VO21461984","2"
"RT7420852764","52"
"VO24425044","10"
"VO85000396","4"
"VO925092","37"
"VO984816","223"
"VO8171932","50"
"VO25379098","1"
"RT7421363477","6"
"VO8112556","5"
"VO20793531","7"
"RT5005330278","12"
"RT5001860074","2"
"RT5001870062","1"
"RT5010600042","4"
"VO1069030","34"
"VO82161499","1"
"RT7420424109","26"
"VO84208821","15"
"VO85104276","51"
"RT5010468808","2"
"VO20399428","7"
"VO20835246","23"
"VO21515329","29"
"VO992026","154"
"VO9515724","153"
"VO82322974","3"
"RT7482588692","6"
"VO21761263","13"
"VO20409101","2"
"VO1521746","145"
"VO20882212","44"
"VO20509932","6"
"RT5010270072","2"
"VO21924924","15"
"VO8141712","75"
"RT5001834560","3"
"VO8171927","74"
"VO992302","16"
"RT7421329591","7"
"RT5003065115","69"
"VO977539","250"
"VO1062053","46"
"RT5010295570","1"
"VO20753491","8"
"RT7422099634","6"
"VO1544733","57"
"VO20479374","3"
"VO1062054","65"
"VO21214022","1"
"VO20742670","7"
"VO11997979","1"
"RT7403092047","8"
"VO992132","29"
"VO420903","1"
"VO22159753","1"
"VO20968457","2"
"VO21371673","8"
"RT5001834870","20"
"RT5010552232","2"
"RT7420900648","89"
"RT7420802350","6"
"RT7422194741","24"
"VO21318123","15"
"VO20545487","1"
"VO85013334","6"
"VO20753493","425"
"RT5010438149","6"
"RT7421644602","1"
"RT5000791108","4"
"VO20467370","8"
"VO82447735","18"
"RT7421303956","70"
"VO21617479","7"
"VO20583505","14"
"VO3150319","21"
"VO85109884","4"
"VO20706975","37"
"VO22077099","2"
"VO20593734","4"
"VO21090272","61"
"VO25378415","21"
"VO20779655","112"
"RT5010550819","158"
"VO21336484","359"
"RT5000293356","4"
"VO21450362","36"
"RT5003002067","139"
"VO82367115","169"
"RT7420382890","2"
"VO20795655","80"
"VO949721","400"
"VO21626539","5"
"RT7420774861","6"
"VO3963046","275"
"VO20554213","113"
"VO20567637","2"
"VO85013425","13"
"RT7421316560","4"
"RT7420430583","1"
"VO991968","121"
"VO992016","69"
"VO20551483","382"
"RT5001865780","12"
"RT7420933629","2"
"RT5001875436","1"
"RT7420729259","1"
"RT7420978354","14"
"VO20701801","1"
"VO20845995","257"
"VO20828464","10"
"RT7401078356","9"
"VO3198141","5"
"VO20534446","16"
"RT5010439059","10"
"VO85124437","38"
"VO20430382","28"
"VO21746575","11"
"VO21298915","34"
"RT5010480956","9"
"RT7420903887","2"
"VO82382175","272"
"VO21390528","8"
